loss,val_loss,learning rate
0.3478536903858185,0.30843284726142883,0.001
0.41509103775024414,0.2673785984516144,0.001
0.3838694095611572,0.3127250373363495,0.001
0.3850196599960327,0.2951151430606842,0.001
0.3271772265434265,0.35685428977012634,0.001
0.3710874617099762,0.2792645990848541,0.001
0.36671730875968933,0.25970372557640076,0.001
0.3430817425251007,0.34031394124031067,0.001
0.32740357518196106,0.25167933106422424,0.001
0.3750082552433014,0.31124651432037354,0.001
